question,context,answer,answer_length,word_count,contains_number,uncertain,numeric_density,contains_percentage,mentions_fraud,mentions_churn
What is the fraud detection rate in the dataset?,Fraud detection in banking uses ML classifiers. Precision-recall tradeoffs are critical.,"To determine the fraud detection rate in the dataset, we need to refer to the 'Fraud Rate' metric provided in the KEY METRICS section. 

The Fraud Rate is given as 3.32%. This means that out of the total 10,000 records, 3.32% of the customers are identified as fraudulent. 

To calculate the actual number of fraudulent customers, we can multiply the total number of records by the fraud rate:

10,000 * 0.0332 = 332

So, there are approximately 332 fraudulent customers in the dataset.

Therefore, the fraud detection rate in the dataset is 3.32% or approximately 332 out of 10,000 customers.",593,100,False,True,0.17,True,True,False
Which ML model performs best for credit default prediction?,XGBoost and Random Forest outperform logistic regression on imbalanced datasets.,"To determine the best ML model for credit default prediction, we need to consider the characteristics of the dataset and the performance metrics of different models. 

Given that the dataset is imbalanced (Fraud Rate: 3.32%), we can expect that models that handle imbalanced datasets well will perform better. The context hint suggests that XGBoost and Random Forest outperform logistic regression on imbalanced datasets.

Although the dataset statistics do not provide direct performance metrics for XGBoost, Random Forest, and logistic regression, we can infer the potential performance based on the characteristics of the dataset.

The top features correlated with Fraud are:
1. Exited (0.292838)
2. ComplainFlag (0.292243)
3. Complain (0.292243)
4. OperationalRiskScore (0.283743)
5. RiskScore (0.223436)

These features are also correlated with Churn (Exited), which has a rate of 20.38%. The correlation between Fraud and Churn suggests that models that can handle multiple related targets (e.g., multi-task learning) might perform well.

Considering the imbalanced nature of the dataset and the correlation between features, XGBoost is likely to perform well. XGBoost is an ensemble model that can handle imbalanced datasets and is robust to outliers. It can also handle multiple features and interactions between them, which is beneficial given the correlations between features in this dataset.

Random Forest is another ensemble model that can handle imbalanced datasets and is robust to overfitting. However, it might not perform as well as XGBoost, especially when dealing with complex interactions between features.

Logistic regression, on the other hand, is a linear model that might not perform well on imbalanced datasets, especially when compared to ensemble models like XGBoost and Random Forest.

Based on the dataset statistics and the context hint, XGBoost is likely to perform best for credit default prediction, followed by Random Forest, and then logistic regression.

To quantify the potential performance, we can consider the Fraud Rate (3.32%) and the correlation between features. A good model should be able to predict at least 80-90% of the non-fraudulent cases correctly (i.e., specificity) while maintaining a reasonable sensitivity (e.g., 50-60% of fraudulent cases correctly predicted).

In terms of specific numbers, a well-performing XGBoost model might achieve:
- Accuracy: 96-97% (given the low Fraud Rate)
- Precision: 80-90% (depending on the threshold)
- Recall (Sensitivity): 50-60% (depending on the threshold)
- F1-score: 0.6-0.7 (depending on the threshold)

Note that these numbers are estimates based on the dataset statistics and may vary depending on the actual model performance and the chosen threshold.",2755,405,False,True,0.08888888888888889,True,True,True
How should missing values be handled in operational banking data?,Imputation must preserve regulatory compliance and not introduce synthetic bias.,"To handle missing values in operational banking data while preserving regulatory compliance and avoiding synthetic bias, we should first examine the extent of missing data in the dataset. However, the provided statistical summary does not directly indicate the presence of missing values for most columns, as the count for each variable matches the total number of records (10,000). This suggests that either there are no missing values, or the summary statistics have been calculated after some form of data preparation that handled missing values.

Given the context and the goal to avoid introducing bias, if missing values were present, a conservative approach would be to use methods that minimize the introduction of synthetic data or bias. Here are steps and considerations based on the provided dataset statistics:

1. **Understand the Distribution**: Before imputing, it's crucial to understand the distribution of the data. From the statistical summary, we can see the distribution of various columns, including mean, standard deviation, min, 25%, 50%, 75%, and max values. This understanding helps in choosing the right imputation method.

2. **Imputation Methods**:
    - **Mean/Median Imputation**: For continuous variables like `CreditScore`, `Age`, `Tenure`, `Balance`, `EstimatedSalary`, etc., imputing with the mean or median could be a straightforward approach. For example, the mean `CreditScore` is 650.53, and the median `Age` is 37.
    - **Mode Imputation**: For categorical variables like `Geography`, `Gender`, `Card Type`, imputing with the mode (the most frequent category) could be appropriate. For instance, the most frequent `Geography` is 'France' (5014 occurrences), and the most frequent `Gender` is 'Male' (5457 occurrences).
    - **Regression Imputation**: For variables that have a strong correlation with other variables, using a regression model to predict the missing value could be effective. For example, `RiskScore` has a strong correlation with `OperationalRiskScore` (0.570620), `Age` (0.285296), and `MarketingScore` (0.142187), which could be used in a regression model to impute missing `RiskScore` values.

3. **Consider the Impact of Fraud and Churn**:
    - The fraud rate is 3.32%, and the churn rate is 20.38%. When imputing values, especially for variables correlated with fraud or churn (like `ComplainFlag`, `OperationalRiskScore`, `RiskScore`), it's essential to consider how imputation might affect these rates and ensure that the methods used do not artificially inflate or deflate these metrics.

4. **Avoid Over-Imputation**:
    - Given that the dataset seems complete (as indicated by the count of records matching the total for each variable), any imputation should be minimal and based on a clear understanding of the data's distribution and correlations.

5. **Monitor and Validate**:
    - After imputation, it's crucial to monitor the dataset for any changes in distribution or correlations that could indicate the introduction of bias. Validation against known metrics, like the fraud and churn rates, can help ensure that imputation has not significantly altered the data's characteristics.

In summary, given the provided dataset statistics, if missing values were present, a careful examination of the data distribution and correlations would guide the choice of imputation method. Methods like mean/median imputation for continuous variables and mode imputation for categorical variables could be appropriate, with consideration given to preserving the known distributions and correlations, especially regarding fraud and churn rates. However, since the dataset appears to be complete based on the provided statistics, the focus should be on understanding and preserving the existing data characteristics.",3778,541,False,True,0.04621072088724584,True,True,True
What is the churn rate and how can it be reduced?,Customer churn in retail banking averages 15-20% annually.,"The churn rate in this dataset is 20.38%, which is slightly above the average annual customer churn rate in retail banking of 15-20%. 

To reduce the churn rate, we can focus on the top features that are correlated with churn. The top features correlated with churn are:

1. ComplainFlag (0.995693) and Complain (0.995693): This suggests that customers who have complained are highly likely to churn. Reducing complaints by improving customer service and addressing customer issues promptly could help reduce churn.
2. RiskScore (0.589059) and OperationalRiskScore (0.570620): Customers with high risk scores and operational risk scores are more likely to churn. Implementing strategies to reduce risk, such as offering personalized financial advice and monitoring account activity, could help reduce churn.
3. Fraud (0.292838): Customers who have experienced fraud are more likely to churn. Implementing robust security measures to prevent fraud and providing support to customers who have experienced fraud could help reduce churn.
4. Age (0.285296): Older customers are more likely to churn. Offering targeted marketing campaigns and services tailored to older customers could help reduce churn.

By addressing these factors, the bank can reduce the churn rate and improve customer retention. For example, the bank could:

* Implement a complaint resolution process to reduce complaints and improve customer satisfaction.
* Offer personalized financial advice and risk management services to customers with high risk scores.
* Implement robust security measures to prevent fraud and provide support to customers who have experienced fraud.
* Develop targeted marketing campaigns to retain older customers.

By taking these steps, the bank can potentially reduce the churn rate from 20.38% to a lower percentage, such as 15-18%, which is more in line with the industry average.",1879,280,False,False,0.08571428571428572,True,True,True
Explain the class imbalance issue in fraud detection.,Fraud datasets are heavily imbalanced with fraud rates below 1-2%.,"Based on the provided dataset statistics, the class imbalance issue in fraud detection is evident. The Fraud Rate is 3.32%, which means that out of the 10,000 records, only 332 are fraudulent cases (3.32% of 10,000). This indicates that the dataset is heavily imbalanced, with a significant majority of non-fraudulent cases (96.68%) and a small minority of fraudulent cases (3.32%).

In the context of fraud detection, this class imbalance issue is significant because it can affect the performance of machine learning models. Models may become biased towards the majority class (non-fraudulent cases) and struggle to detect the minority class (fraudulent cases). This can lead to poor performance on the fraudulent cases, which is a critical concern in fraud detection.

The class imbalance issue is also reflected in the correlation analysis. The top features correlated with Fraud have relatively low correlation coefficients, with the highest correlation being 0.292838 with Exited. This suggests that the relationships between the features and the Fraud target variable are not extremely strong, which can make it challenging to develop accurate models.

Overall, the class imbalance issue in this dataset is a significant challenge that needs to be addressed when developing fraud detection models. Techniques such as oversampling the minority class, undersampling the majority class, or using class weights can help mitigate this issue and improve model performance on the fraudulent cases.",1497,225,False,False,0.06666666666666667,True,True,False
What are the key performance metrics for evaluating fraud detection models?,"Key metrics include precision, recall, F1-score, and AUC-ROC.","To evaluate the performance of fraud detection models, we need to consider key metrics such as precision, recall, F1-score, and AUC-ROC. However, the provided dataset statistics do not directly provide these metrics. Nevertheless, we can use the given information to discuss the relevant metrics for evaluating fraud detection models.

1. **Precision**: Precision is the ratio of true positives (correctly identified fraud cases) to the sum of true positives and false positives (incorrectly identified fraud cases). Although the dataset does not provide precision directly, we can consider the **Fraud Rate** of 3.32% as a starting point. This means that out of the total records, 3.32% are fraud cases.

2. **Recall**: Recall is the ratio of true positives to the sum of true positives and false negatives (missed fraud cases). Again, the dataset does not provide recall directly, but we can consider the **Fraud Rate** in relation to the overall performance of the model.

3. **F1-score**: The F1-score is the harmonic mean of precision and recall. Without the exact precision and recall values, we cannot calculate the F1-score directly from the provided dataset statistics.

4. **AUC-ROC**: The AUC-ROC (Area Under the Receiver Operating Characteristic Curve) measures the model's ability to distinguish between fraud and non-fraud cases. The dataset does not provide AUC-ROC values directly.

However, based on the **CORRELATION WITH FRAUD** section, we can identify the top features correlated with fraud, which can be used to evaluate and improve the performance of fraud detection models. These features include:

- **Exited**: 0.292838
- **ComplainFlag**: 0.292243
- **Complain**: 0.292243
- **OperationalRiskScore**: 0.283743
- **RiskScore**: 0.223436

These correlations can help in selecting the most relevant features for building and evaluating fraud detection models. By focusing on these features and using techniques such as cross-validation, we can estimate the performance of the model in terms of precision, recall, F1-score, and AUC-ROC.

In the context of this dataset, a good fraud detection model should aim to achieve:

- High precision to minimize false positives (incorrectly identified fraud cases)
- High recall to minimize false negatives (missed fraud cases)
- A high F1-score to balance precision and recall
- A high AUC-ROC to effectively distinguish between fraud and non-fraud cases

While the exact values of these metrics are not provided in the dataset statistics, the correlations and key metrics (e.g., Fraud Rate, Churn Rate) offer valuable insights for building and evaluating effective fraud detection models.",2653,397,False,False,0.060453400503778336,True,True,True
How does good corporate governance influence fraud prevention in banking sector?,"Examine the effect of good corporate governance on fraud prevention in the banking sector, including the role of internal controls, risk management practices, and ethical standards in mitigating fraudulent activities.","Based on the provided dataset statistics, good corporate governance can influence fraud prevention in the banking sector in several ways. Here are some specific insights:

1. **Correlation between Fraud and Risk Management**: The correlation analysis shows that OperationalRiskScore (0.283743) and RiskScore (0.223436) are among the top features correlated with Fraud. This suggests that effective risk management practices, which are a key aspect of good corporate governance, can help mitigate fraudulent activities. For instance, the average RiskScore is 1.23, indicating a moderate level of risk, and the OperationalRiskScore has a mean of 33603.67, which can be used to identify high-risk customers.
2. **Role of Internal Controls**: The correlation between ComplainFlag (0.292243) and Complain (0.292243) with Fraud indicates that internal controls, such as complaint handling mechanisms, can play a crucial role in detecting and preventing fraudulent activities. The dataset shows that 20.44% of customers have complaints, which can be used to identify potential fraud cases.
3. **Impact of Ethical Standards**: The negative correlation between Satisfaction Score (-0.143162) and Fraud suggests that high customer satisfaction is associated with lower fraud rates. This implies that ethical standards, such as treating customers fairly and transparently, can contribute to a reduction in fraudulent activities. The average Satisfaction Score is 3.01, indicating a moderate level of customer satisfaction.
4. **Influence of High-Value Customers**: The correlation between HighValueCustomer (0.081193) and Fraud indicates that high-value customers may be more vulnerable to fraud. The dataset shows that 47.99% of customers are high-value customers, which can be used to target fraud prevention efforts.
5. **Effect of Active Membership**: The negative correlation between IsActiveMember (-0.082661) and Fraud suggests that active members are less likely to be involved in fraudulent activities. The dataset shows that 51.51% of customers are active members, which can be used to identify low-risk customers.

In terms of specific numbers and percentages, the dataset shows that:

* The fraud rate is 3.32%, which is relatively low compared to the overall customer base.
* The average Credit Score is 650.53, which is a moderate level of creditworthiness.
* The average Balance is 11983190.52, which is a significant amount of funds that can be vulnerable to fraud.
* The top features correlated with Fraud are Exited (0.292838), ComplainFlag (0.292243), and OperationalRiskScore (0.283743), which can be used to identify high-risk customers and prevent fraudulent activities.

Overall, the dataset suggests that good corporate governance, including effective risk management practices, internal controls, and ethical standards, can play a significant role in preventing fraudulent activities in the banking sector. By targeting high-risk customers, improving customer satisfaction, and promoting active membership, banks can reduce the incidence of fraud and maintain a stable and secure financial environment.",3116,440,False,False,0.09772727272727273,True,True,False
What's advantage MLOps environment for banking industry?,"MLOps environments enable continuous integration and deployment of ML/DL models, ensuring faster iteration and improved model performance in the banking industry. the effectiveness of MLOps enviroment in the banking industry, including its impact on model deployment speed, scalability, and overall performance improvement to meet the dynamic needs of the banking sector.","Based on the dataset statistics provided, the advantages of MLOps environment for the banking industry can be inferred as follows:

1. **Faster Model Deployment**: With an average of 20.38% churn rate and 3.32% fraud rate, the banking industry needs to quickly deploy models that can detect and prevent such incidents. MLOps environments can enable faster iteration and deployment of ML/DL models, reducing the time-to-market and improving the overall responsiveness to changing customer needs.
2. **Improved Model Performance**: The dataset shows a strong correlation between various features and fraud/churn rates. For instance, the top features correlated with fraud include Exited (0.292838), ComplainFlag (0.292243), and OperationalRiskScore (0.283743). By leveraging MLOps environments, banks can continuously monitor and improve model performance, ensuring that these correlations are accurately captured and addressed.
3. **Scalability**: With an average balance of $11,983,190.52 and 10,000 records, the banking industry deals with large volumes of data. MLOps environments can provide the necessary scalability to handle such large datasets, enabling banks to deploy models that can process and analyze vast amounts of data in real-time.
4. **Enhanced Customer Satisfaction**: The dataset shows that 20.44% of customers have complaints, and 47.99% are high-value customers. By leveraging MLOps environments, banks can develop models that can quickly identify and address customer complaints, improving overall customer satisfaction and reducing churn rates.
5. **Risk Mitigation**: The dataset highlights the importance of risk mitigation in the banking industry, with an average risk score of 1.23 and 4.79% of customers being low-credit risks. MLOps environments can enable banks to develop and deploy models that can accurately assess and mitigate risks, reducing the likelihood of fraud and other malicious activities.

In terms of specific numbers and percentages, the advantages of MLOps environments for the banking industry can be summarized as follows:

* 20.38% churn rate can be reduced through faster model deployment and improved model performance
* 3.32% fraud rate can be mitigated through enhanced risk assessment and mitigation models
* 47.99% high-value customers can be better served through personalized models and improved customer satisfaction
* 20.44% customer complaints can be addressed through quick identification and resolution models
* 1.23 average risk score can be reduced through accurate risk assessment and mitigation models

Overall, the dataset statistics suggest that MLOps environments can play a critical role in improving model performance, scalability, and overall responsiveness to changing customer needs in the banking industry.",2782,393,False,False,0.09923664122137404,True,True,True
